ID,Edad,Ocupacion,Estado,familiar,laboral,emocional,social,ansiedad_familiar,resignacion_familiar,proactividad_familiar,evasion_familiar,ansiedad_laboral,resignacion_laboral,proactividad_laboral,evasion_laboral,ansiedad_emocional,resignacion_emocional,proactividad_emocional,evasion_emocional,ansiedad_social,resignacion_social,proactividad_social,evasion_social
1,21,,Tlaxcala,"['Saluda a la familia ', 'con mis amigos y superiores', ' me gusta que mi pasado me defina+ACI-', '+ACI-Exponer', 'Atentas', 'Hacer trampa por miedo a fallar', 'mi fuerza fisica', 'quiera aprender', 'mentir', 'tomo un tiempo para hacer las cosas con calma', nan, nan]","['+ACI-no tengo nada que olvidar', 'Me ense+//3//Q-an bien', 'Nos queremos mucho', 'vivir solo']","['Es aquel que siempre esta cuando m+//3//Q-s lo necesitas aunque no siempre se vean', ' dar ideas iniciales y colaborar +ACI-', 'Reprobar ', 'Tenga una vida plena', 'siempre buscan salir adelante', 'Chistoso', 'Las admiro', 'que siempre sobrepiensan', nan]","['las respeto', 'Pudiera cumplir con la mayoria de mis sue+//3//Q-os', 'se burla de los dem+//3//Q-s sin ser amigos', 'bonita', 'tendre una familia', 'me gustaria ser yo otra vez', 'las disfruto ', 'Son amables entre ellos', 'aman a sus hijos', 'fue felicidad ', 'era un desastre', 'se espanta facilmente', nan]",0.0,0.542,0.0,0.14,0.0,0.637,0.0,0.1,0.0,0.568,0.0,0.075,0.0,0.559,0.0,0.067
2,21,,Tlaxcala,"['Compartimos momentos memorables', 'Intento llevarme bien con todos', 'Es muy cerrado', 'Fuera millonario', 'Tenga salud', 'Viajar', 'Morire', 'Muy cerrado', 'Me desagrada', 'Vivire en la playa', nan, nan]","['Le romp+//3//Q- el dedo a mi pap+//3//Q-', 'Quer+//3//Q-a ser doctor', 'El chocolate ', 'Pueden ser independientes']","['Siempre esta para ti', 'Estabilidad', 'Son mentirosas', 'Sera respetada', 'Me gusta rudo', 'No tener preocupaciones', 'Eventos escolares', 'Se esfuerza ', nan]","['Se esfuerzan', 'Son muy inteligentes', 'Rutinaria pero no necesariamente aburrida', 'Somos muy unidos', 'Es rara', 'Tienen problemas', 'Son sobreprotectoras', 'Enfermarme ', 'Me esfuerzo m+//3//Q-s', 'Era m+//3//Q-s unida', 'Difamar a alguien ', nan, nan]",0.0,0.488,0.0,0.1,0.0,0.658,0.0,0.15,0.0,0.604,0.0,0.1,0.0,0.573,0.0,0.073
3,22,,Tlaxcala ,"['Es enojon ', 'Siempre con todos ', 'Es chistoso cuando est+//3//Q- feliz ', 'Siempre el clima estuviera nublado ', 'No me acuerdo ', 'El sue+//3//Q-o ', 'Ser+//3//Q-a feliz ', '.', '.', '.', nan, nan]","['Me cai enfrente de todos ', 'Miente ', 'Nada ', '.']","['Es siempre el que est+//3//Q- a lado de ti en todo momento de dificultad ', 'Todo llega por si solo ', 'E echo todo ', '.', '.', '.', '.', 'Siempre trabajaba ', nan]","['Son muy explosivos ', 'Eran mandones ', 'Son fuertes ', 'Buenas ', '.', '.', 'Sea tranquila ', '.', '.', '.', 'Es explosiva ', nan, nan]",0.15,0.583,0.15,0.23,0.125,0.538,0.125,0.275,0.25,0.488,0.25,0.3,0.227,0.554,0.227,0.282
4,27,,Tlaxcala,"['Paciente', 'Con gente que respeta el espacio personal', ' no s+//3//Q- +ACI-', 'Memorizar comandos', 'Nos llevamos bien', 'Est+//3//Q- tranquilo', 'Que me besen el cuello', 'Son fuertes', 'Un recuerdo', 'Me siento raro', nan, nan]","['+ACI-Me ca+//3//Q- en lodo', 'A los perros de patas largas', 'Actuar sin pensar', 'Es blanca']","['Pone lugar para las chelas', 'Les pondr+//3//Q-a atenci+//3//Q-n', 'Es metiche', 'Que me besen el cuello ', 'Pues empiezo todo de nuevo', 'Me da ansiedad', 'No actuar', 'Es nula :(', nan]","['A veces son inaptos para el puesto', 'Tranquilidad', 'Jugaba mucho football', 'Miembro de la familia ', 'No tengo', 'Son hermosas f+//3//Q-sicamente', 'Son muy diferentes', 'Le guste el di+//3//Q-logo', 'Hacerme en la cama', 'No son directas', 'Coincide con mi persona', 'Robar', nan]",0.0,0.603,0.0,0.1,0.0,0.705,0.0,0.15,0.0,0.564,0.0,0.025,0.0,0.569,0.0,0.083
5,20,,Tlaxcala ,"['Me abraza ', 'Volteo la vista ', 'La amo y es lo m+//3//Q-s importante que tengo en mi vida ', 'Es el', 'Nos queremos mucho y somos muy unidos ', 'Deje su mal comportamiento y su indiferencia ', 'Ser rico ', 'Aman a sus hijos ', ' no lo hac+//3//Q-a por mi culpa +ACI-', 'No s+//3//Q- que hacer ', nan, nan]","['Con mis compa+//3//Q-eros si tan solo tuviera trabajo ', 'A las abejas ', 'Salir de casa ', 'Homo?']","['Apoya ', 'Fuera millonario ', 'Me excluya', 'Romper en la burbuja en la que estoy ', 'No har+//3//Q-a los mismos errores ', 'Muy serio ', 'Mis pap+//3//Q-s ', 'Son mentirosas ', nan]","['No me importan ', 'Seria un tirano', 'Era muy gordo', 'Un ejemplo a seguir ', 'Lo espero ', 'Son mentirosas ', 'Son unidas ', 'Cumpla ', '+ACI-Que mi mam+//3//Q- llorara pero', 'Cuando mi pap+//3//Q- regreso del extranjero ', 'No estaba completa ', 'A veces se contradice mucho sola ', nan]",0.0,0.549,0.0,0.06,0.0,0.666,0.0,0.2,0.0,0.541,0.025,0.1,0.0,0.534,0.0,0.1
6,21,,Puebla ,"['Habla con mi ', 'Con los colaboradores ', 'Quiere lo mejor para m+//3//Q- ', 'Mi padre estuviera vivo', 'Siguiera conmigo', 'Llegar a las olimpiadaa', 'Lograr+//3//Q- lo que quiero', 'Era una buena persona ', 'Me hacen caso y no dudan de mi decisi+//3//Q-n ', 'Ser+//3//Q- lo mejor', nan, nan]","['No quiero olvidar nada esparte de mi vida y lo ech+//3//Q- ech+//3//Q- est+//3//Q- ', 'Era m+//3//Q-s responsable ', 'La comida ', 'La mejor creaci+//3//Q-n del mundo ']","['Es leal ', '+//3//Q-xito ', 'Soy lindas ', 'Estar+//3//Q- lo suficientemente capacitada para realizar su trabajo lo mejor posible con todos los recursos que necesiten para llegar a realizarla ', 'Protecci+//3//Q-n (anticonceptivo)', 'Tener +//3//Q-xito ', 'Laboral ', 'Es educada ', nan]","['Los respeto ', 'Me alagaban ', 'Buena para quien la quiere o la busca ', 'Unidos ', 'Respetuosa', 'Est+//3//Q-n peladas ', 'Protectoras ', 'No ayudar a mi madre en el trabajo', 'No me rindo ', 'Me cuidaba ', 'No hacer lo que me gusta', nan, nan]",0.0,0.511,0.0,0.12,0.0,0.514,0.0,0.15,0.0,0.679,0.0,0.1,0.0,0.564,0.0,0.164
7,21,,Tlaxcala ,"['Me necesita ', 'Con los jefes ', 'Me utilizo como justificaci+//3//Q-n ', 'Fuera campe+//3//Q-n del mundo ', 'Este tranquilo ', 'Ser una leyenda del boxeo mexicano ', 'Ser+//3//Q- profesional ', 'Inexistente ', 'Intento ser asertivo ', 'Deseo estar en el boxeo profesional ', nan, nan]","['Me drogue', 'Era m+//3//Q-s desordenado ', 'La opini+//3//Q-n de los dem+//3//Q-s ', 'Merecen respeto ']","['Es leal sin importar que', 'Paz', 'Merecen respeto ', 'Ser+//3//Q- reconocida', 'Solo lo hago con personas con las que tengo un v+//3//Q-nculo ', 'Una familia ', 'Salirme de mi casa en la madrugada por problemas ', 'Me deja todo a mi', nan]","['Son prepotentes', 'Me reconocen', 'Un privilegio ', 'Nos llevamos bien ', 'Es unica ', 'Son raras ', 'Han cometido errores ', 'La separaci+//3//Q-n de mis pap+//3//Q-s ', 'Escucho m+//3//Q-sica y entreno ', 'Me adoraba ', 'Intentar morir', nan, nan]",0.0,0.587,0.0,0.12,0.0,0.668,0.0,0.1,0.0,0.566,0.0,0.1,0.0,0.554,0.0,0.073
8,19,,Tlaxcala ,"['Se enoja conmigo ', nan, nan, nan, nan, nan, nan, nan, nan, nan, nan, nan]","[nan, nan, nan, nan]","['Siempre est+//3//Q- sin importar nada ', nan, nan, nan, nan, nan, nan, nan, nan]","['.', nan, nan, nan, nan, nan, nan, nan, nan, nan, nan, nan, nan]",0.0,0.563,0.0,0.0,0.5,0.5,0.5,0.5,0.0,0.66,0.0,0.2,0.5,0.5,0.5,0.5
 +ACI-,No siempre es unida ,,Es la persona a la que m+//3//Q-s confianza le tengo ,"['Tom+//3//Q- una decisi+//3//Q-n muy dif+//3//Q-cil que afecto mi futuro de manera emocional', 'No me preocupaba por mi futuro ', ' respeto y comunicaci+//3//Q-n para que funcione bien.+ACI-', ' aunque a veces no siempre entienden lo que siento o pienso.+ACI-', 'Tal vez evitar+//3//Q-a juntarme con personas del pasado ', ' inteligentes y capaces', 'Me asegurar+//3//Q-a de que fuera en el momento adecuado y con la persona correcta', '+ACI-Encontrar estabilidad', '+ACI-Me gustar+//3//Q-a mirar atr+//3//Q-s y sentirme orgulloso de lo que he logrado', '+ACI-Son aquellas que no solo tienen autoridad', nan, nan]","['+ACI-Una etapa importante que requiere compromiso', '+ACI-es lograr algo grande que me haga sentir orgulloso', '+ACI-Son fuertes', 'Contestarle muy feo a mis pap+//3//Q-s ']","[' motiva y respeta a los dem+//3//Q-s.+ACI-', 'Tenemos una relaci+//3//Q-n muy linda ', ' aunque a+//3//Q-n no s+//3//Q- exactamente qu+//3//Q-+ACI-', ' aunque a veces la sociedad no les da el lugar que merecen+ACI-', 'Un gran ejemplo a seguir ', ' tanto personal como profesionalmente.+ACI-', nan, nan, nan]","['+ACI-Me esforzar+//3//Q-a por ser un l+//3//Q-der justo', 'Juntarme con personas que de alguna manera me hac+//3//Q-an da+//3//Q-o ', 'Quiero que me vean como jefa pero tambi+//3//Q-n como un apoyo para ellos cuando lo necesiten ', 'Salir de mi zona de confort ', '+ACI-Hacen lo mejor que pueden por sus hijos', '+ACI-Trato de mantener la calma y buscar soluciones', '+ACI-Intento ser claro y respetuoso', ' esperando que las personas comprendan el prop+//3//Q-sito detr+//3//Q-s de lo que pido.+ACI-', ' ser feliz con lo que hago y tener relaciones significativas.+ACI-', nan, nan, nan, nan]",0.0,0.543,0.0,0.08,0.0,0.631,0.0,0.1,0.0,0.534,0.0,0.033,0.0,0.564,0.0,0.089
+ACI-,No hacer algo que quiero ,, pero otras veces no se dan cuenta de que no estoy.,"[nan, nan, nan, nan, nan, nan, nan, nan, nan, nan, nan, nan]","[nan, nan, nan, nan]","[nan, nan, nan, nan, nan, nan, nan, nan, nan]","[nan, nan, nan, nan, nan, nan, nan, nan, nan, nan, nan, nan, nan]",0.5,0.5,0.5,0.5,0.5,0.5,0.5,0.5,0.5,0.5,0.5,0.5,0.5,0.5,0.5,0.5
+ACI-,No hacer algo que quiero ,, pero otras veces no se dan cuenta de que no estoy.,"[nan, nan, nan, nan, nan, nan, nan, nan, nan, nan, nan, nan]","[nan, nan, nan, nan]","[nan, nan, nan, nan, nan, nan, nan, nan, nan]","[nan, nan, nan, nan, nan, nan, nan, nan, nan, nan, nan, nan, nan]",0.0,0.594,0.0,0.0,0.5,0.5,0.5,0.5,0.5,0.5,0.5,0.5,0.0,0.562,0.0,0.0
+ACI-,No hacer algo que quiero ,, pero otras veces no se dan cuenta de que no estoy.,"[nan, nan, nan, nan, nan, nan, nan, nan, nan, nan, nan, nan]","[nan, nan, nan, nan]","[nan, nan, nan, nan, nan, nan, nan, nan, nan]","[nan, nan, nan, nan, nan, nan, nan, nan, nan, nan, nan, nan, nan]",0.0,0.673,0.067,0.067,0.0,0.472,0.0,0.0,0.0,0.454,0.0,0.2,0.0,0.536,0.0,0.2
+ACI-,No hacer algo que quiero ,, pero otras veces no se dan cuenta de que no estoy.,"[nan, nan, nan, nan, nan, nan, nan, nan, nan, nan, nan, nan]","[nan, nan, nan, nan]","[nan, nan, nan, nan, nan, nan, nan, nan, nan]","[nan, nan, nan, nan, nan, nan, nan, nan, nan, nan, nan, nan, nan]",0.5,0.5,0.5,0.5,0.5,0.5,0.5,0.5,0.5,0.5,0.5,0.5,0.5,0.5,0.5,0.5
+ACI-,+ACI-Fue una ocasi+//3//Q-n en que me perd+//3//Q- en Walmart y sent+//3//Q- mucho miedo,,+ACI-Es cuando generalizan o juzgan sin conocer bien la situaci+//3//Q-n,"[' aunque eso tambi+//3//Q-n aplica a los hombres.+ACI-', nan, nan, nan, nan, nan, nan, nan, nan, nan, nan, nan]","[nan, nan, nan, nan]","[nan, nan, nan, nan, nan, nan, nan, nan, nan]","['Haber tenido un aborto ', nan, nan, nan, nan, nan, nan, nan, nan, nan, nan, nan, nan]",0.5,0.5,0.5,0.5,0.5,0.5,0.5,0.5,0.5,0.5,0.5,0.5,0.5,0.5,0.5,0.5
+ACI-,+ACI-Fue una ocasi+//3//Q-n en que me perd+//3//Q- en Walmart y sent+//3//Q- mucho miedo,,+ACI-Es cuando generalizan o juzgan sin conocer bien la situaci+//3//Q-n,"[' aunque eso tambi+//3//Q-n aplica a los hombres.+ACI-', nan, nan, nan, nan, nan, nan, nan, nan, nan, nan, nan]","[nan, nan, nan, nan]","[nan, nan, nan, nan, nan, nan, nan, nan, nan]","['Haber tenido un aborto ', nan, nan, nan, nan, nan, nan, nan, nan, nan, nan, nan, nan]",0.0,0.594,0.0,0.0,0.5,0.5,0.5,0.5,0.5,0.5,0.5,0.5,0.0,0.562,0.0,0.0
+ACI-,+ACI-Fue una ocasi+//3//Q-n en que me perd+//3//Q- en Walmart y sent+//3//Q- mucho miedo,,+ACI-Es cuando generalizan o juzgan sin conocer bien la situaci+//3//Q-n,"[' aunque eso tambi+//3//Q-n aplica a los hombres.+ACI-', nan, nan, nan, nan, nan, nan, nan, nan, nan, nan, nan]","[nan, nan, nan, nan]","[nan, nan, nan, nan, nan, nan, nan, nan, nan]","['Haber tenido un aborto ', nan, nan, nan, nan, nan, nan, nan, nan, nan, nan, nan, nan]",0.0,0.673,0.067,0.067,0.0,0.472,0.0,0.0,0.0,0.454,0.0,0.2,0.0,0.536,0.0,0.2
+ACI-,+ACI-Fue una ocasi+//3//Q-n en que me perd+//3//Q- en Walmart y sent+//3//Q- mucho miedo,,+ACI-Es cuando generalizan o juzgan sin conocer bien la situaci+//3//Q-n,"[' aunque eso tambi+//3//Q-n aplica a los hombres.+ACI-', nan, nan, nan, nan, nan, nan, nan, nan, nan, nan, nan]","[nan, nan, nan, nan]","[nan, nan, nan, nan, nan, nan, nan, nan, nan]","['Haber tenido un aborto ', nan, nan, nan, nan, nan, nan, nan, nan, nan, nan, nan, nan]",0.5,0.5,0.5,0.5,0.5,0.5,0.5,0.5,0.5,0.5,0.5,0.5,0.5,0.5,0.5,0.5
9,50,,Tlaxcala,"['Es sta', 'Con todos', 'Es gru+//3//Q-on', 'Pudiera sanar a todos ', 'Deje de ser tan gru+//3//Q-on ', 'Ser  un sanador', 'Morire', 'Maravilloso ', 'Trata de ser amable ', 'Quiero paz', nan, nan]","['Vi un secuestro ', 'Sent+//3//Q-a miedo a morir', 'Empayia', '+//3//Q-nicas ']","['Es ukico', 'Paz', 'Son +//3//Q-nicas ', 'Seria feliz ', 'X', 'Vivo en paz', 'Es alegria', 'Son buenos ', nan]","['Aveces se equivocan', 'Bueos', 'Linda ', 'Son mis un gran equipo la amo', 'Es la alegre', 'Buenas', 'X', 'Nada', 'Enfrentas', 'Era bonita', 'Perder el tiempo', nan, nan]",0.0,0.513,0.0,0.14,0.0,0.757,0.0,0.1,0.0,0.585,0.0,0.075,0.0,0.573,0.0,0.145
10,18,,Tlaxcala ,"['Muestra sus sentimientos ', 'est+//3//Q- mal', 'cambi+//3//Q- para encajar ', 'escribir y pensar ', 'hacerle caso a los dem+//3//Q-s', 'que hagan re+//3//Q-r ', 'deber+//3//Q- ser muy capaz ', 'ser gorda ', 'trato de sobreponerme ', 'tener tiempo ', nan, nan]","['est+//3//Q- loca ', 'enga+//3//Q-a ', 'me entendiera ', 'todo seria igual']","['vivir en la pobreza ', 'ser+//3//Q-a porque tengo la capacidad de dirigirlos correctamente ', 'me costaba expresar afecto', 'hacerme muy rica ', 'son bonitas ', 'trato de no parecer mandona ', 'viven ', 'parec+//3//Q-a ser bonita ', nan]","['raro', 'la felicidad que es el grado m+//3//Q-ximo de la perfecci+//3//Q-n ', 'estamos en el mundo por una raz+//3//Q-n m+//3//Q-s all+//3//Q- de lo mundano ', 'raras', 'hablar ', 'me dar+//3//Q-a miedo', 'piense igual que yo', 'no saben amar ', 'una persona triste ', 'no ha comenzado', 'no me gusta c+//3//Q-mo es ', nan, nan]",0.0,0.661,0.0,0.18,0.0,0.658,0.05,0.05,0.0,0.567,0.025,0.075,0.0,0.568,0.018,0.073
11,19,,Tlaxcala ,"['Muestran afecto de cari+//3//Q-o ', 'Con todos ', 'Muestra su cari+//3//Q-o en pocas ocasiones ', 'Tuviera a mi familia m+//3//Q-s unida ', '+ACI-', nan, nan, nan, nan, nan, nan, nan]","['Me arrestaron ', 'Era m+//3//Q-s aventado o rebelde ', nan, nan]","['Es aquel que no se olvida de ti aunque ya no se vean seguido ', 'Tener una vida pac+//3//Q-fica y sin conflictos ', 'Les importa m+//3//Q-s su apariencia f+//3//Q-sica que la exterior ', nan, nan, nan, nan, nan, nan]","['Las respeto m+//3//Q-s por su carg+//3//Q- que por su personalidad ', 'Son agradables y a la vez profesionales ', '+ACI-Complicada', 'Educadas ', nan, nan, nan, nan, nan, nan, nan, nan, nan]",0.0,0.625,0.0,0.12,0.0,0.656,0.0,0.1,0.0,0.671,0.0,0.067,0.0,0.652,0.0,0.1
El no ser m+//3//Q-s maduro al conocer una Persona +ACI-,No sea tan perfeccionista ,,Es ser famoso ,"['No ser+//3//Q-a tan cerradas ', ' pero tambi+//3//Q-n muy sobreprotectoras+ACI-', 'Recurro a Dios y a mis amigos ', 'Tener una banda de rock ', nan, nan, nan, nan, nan, nan, nan, nan]","['Serio pero a la vez chistoso ', 'Es que se fijan m+//3//Q-s en el f+//3//Q-sico y apariencia ', nan, nan]","[' que lo Interior +ACI-', 'Las suelo respetar mucho ', 'No tengo ', nan, nan, nan, nan, nan, nan]","['Har+//3//Q-a ejercicio desde ni+//3//Q-o ', 'A hacer cosas que me pongan en riesgo ', 'Me solia consentir mucho ', 'Nunca haber disfrutado m+//3//Q-s el tiempo con mi t+//3//Q-a ', nan, nan, nan, nan, nan, nan, nan, nan, nan]",0.0,0.536,0.05,0.1,0.0,0.632,0.0,0.1,0.0,0.586,0.0,0.133,0.0,0.743,0.05,0.0
12,27,,Tlaxcala,"[nan, 'Con mis compa+//3//Q-eros de turno ', ' inteligente y muy fuerte +ACI-', 'Descansa cuando est+//3//Q- muy enfermo', 'Chocamos pero nos amamos', 'Este sano ', 'Ser rica', 'Son poderosas', 'Maravilloso', 'Me siento culpable', nan, nan]","[' luchadora', 'A las ara+//3//Q-as ', 'No ahorrar dinero ', 'Es la que me demuestra cari+//3//Q-o']","['Est+//3//Q- contigo en las buenas y en las malas ', 'Tuviera m+//3//Q-s tiempo disponible para estar con mis hijas ', 'Sea mentirosa', 'Las muestras de afecto', 'Me gustar+//3//Q-a tener mejores habitos', 'Lloro y siento que no sirvo pad anasa', 'No intentar', 'Es activa', nan]","['Los admiro', 'Buscar+//3//Q-a la forma de que todos nos comunic+//3//Q-ramos de forma eficiente ', 'Era irresponsable ', 'Una gran persona', 'Me pongo seria ', 'Somos fuertes ', 'Son unidas', 'Me ayude a crecer', 'Mi peso', 'Que se critican unas con otras ', 'Son buenas personas', 'Ser infiiel', nan]",0.0,0.445,0.0,0.111,0.0,0.561,0.0,0.15,0.0,0.601,0.025,0.1,0.0,0.606,0.0,0.067
13,21,,Puebla ,"['No', 'Con mis patrones', 'Quer+//3//Q-a lo mejor para mi', 'Ayudar+//3//Q-a a las personas ', 'Este siempre para mi', 'Tener una solvencia econ+//3//Q-mica ', 'Tendr+//3//Q- un hogar propio', 'Una buena persona ', 'Considero que es lo correcto ', 'Me gustar+//3//Q-a estudiar m+//3//Q-s ', nan, nan]","['Que falleci+//3//Q- mi ser querido', 'Pensaba menos las cosas ', 'El miedo', 'Podemos ser leales']","['Te respeta y te comprende ', 'Un c+//3//Q-rculo social sano', 'Estudiar y prepararse ', 'Que sea honesta', 'Respetar+//3//Q-a mi cuerpo', 'Tener un emprendimiento ', 'Ver morir a mis padres ', 'No socializo', nan]","['Los respeto', 'Los respeto', 'Es una decisi+//3//Q-n dif+//3//Q-cil ', 'No', 'Que sean amistosos', 'Son disfuncionales', 'Te protegen', 'Quitarle oportunidades a mis padres ', 'Me da frustraci+//3//Q-n ', 'Me hac+//3//Q-a sentir excluido', 'Frustarme', nan, nan]",0.0,0.542,0.0,0.14,0.0,0.587,0.0,0.15,0.0,0.546,0.0,0.125,0.0,0.564,0.0,0.109
14,21,,Tlaxcala,"['Estaba enojado', ' siempre y cuando todo este bien +ACI-', 'Es fantastica ', ' todas las experiencias son buenas +ACI-', 'No tengo ', 'Amigables ', 'Tratar de solucionar algo que no tenia arreglo', 'Me protegeria ', 'Tenga compromiso en su trabajo', 'Nada ', 'Mentir', nan]","['Con todos ', 'Me admiraria ', 'Con respeto ', 'Viajare por Todo el mundo']","['+ACI-Siempre esta ahi', '+ACI-Liderar', 'Mi mejor version ', 'Nos queremos mucho ', 'Sigo en mi trabajo', 'Quieren a sus hijos', 'Lograr todas mis metas ', 'No pasa nada ', nan]","['Las respeto', ' tomar decisiones', 'Tienen un buen concepto de mi ', 'Era mas inseguro ', 'Ser millonario', 'Socializar mas ', 'Disfrutaria mas todos los momentos ', 'Son interesantes ', 'Son unidas', 'No le hago caso a mis temores', 'Nada ', 'Siempre me dejaron tomar mis decisiones ', nan]",0.0,0.513,0.0,0.109,0.0,0.42,0.0,0.2,0.0,0.506,0.0,0.1,0.0,0.589,0.0,0.117
16,21,,Tlaxcala,"['Est+//3//Q- serio', 'Con todos ', 'Es muy estricto en mi educaci+//3//Q-n ', 'Encontrar+//3//Q- un trabajo en lo que me gusta ', 'Viva mucho tiempo ', 'No tengo ', 'Viajare', 'Muy bueno conmigo ', 'Me estreso ', 'A+//3//Q-n no se ', nan, nan]","['No s+//3//Q- ', 'Sol+//3//Q-a estar m+//3//Q-s relajada ', 'No s+//3//Q- ', 'Son estrictas con su apariencia ']","['Siempre te apoya ', 'Nada ', 'Son muy buenas ', 'Tendr+//3//Q-a que ser responsable ', 'No s+//3//Q- ', 'Nada ', 'Me iba a ahogar con un hueso de pescado ', 'Es responsable ', nan]","['Son muy buenos ', 'So. Muy buenos ', 'Una responsabilidad ', 'Nos compartimos todo ', 'Me cae bien ', 'Son tranquilas ', 'Son muy trabajadoras ', 'Nada ', 'No s+//3//Q- ', 'Siempre trabajaba ', 'Nada ', nan, nan]",0.0,0.524,0.0,0.12,0.0,0.591,0.0,0.15,0.0,0.483,0.0,0.125,0.0,0.433,0.0,0.109
17,19,,Tlaxcala ,"['Sale sin nosotros ', 'Con pocas personas ya que me cuesta mucho expresarme y la mayor+//3//Q-a de las veces los incomodo ', 'Dije varias cosas que incomodan a ciertas personas ', 'Organizar y Mandar ', 'No contestar como se debe en varias ocasiones ', 'Mi familia ', 'Espero que aprendan mucho ', 'No poder dar dinero ', 'Lloro ', 'Ganar mucho dinero sin hacer algo il+//3//Q-cito ', nan, nan]","[' yo quiero ser como ella.+ACI-', 'No dice las cosas en la cara ', 'Viva m+//3//Q-s a+//3//Q-os ', 'Aprender+//3//Q-a idiomas ']","['Esta en las buenas y en las malas ', 'Trabaja con tiempo ', 'Me ca+//3//Q- ', 'Es c+//3//Q-mprale una combi a mi padre ', 'Trabajan muy bien y de firma limpia ', 'Aveces me impresiono ', 'Me cuentan todo lo de su d+//3//Q-a ', 'Hacia fiestas muy grandes ', nan]","['Son un ejemplo ', 'Ejercer lo que estoy estudiando ', 'Son muy fuertes ', 'Buenas ya que comparten sus experiencias ', 'Las entrevistas ', 'Ser+//3//Q-a para concebir un hijo ', 'Le guste progresar y no sea envidiosa ', 'Son amorosas y dan la vida por sus hijos ', 'Muy fuerte ', 'Esta inactiva ', 'Su familia no ', nan, nan]",0.0,0.577,0.0,0.08,0.0,0.512,0.0,0.1,0.0,0.617,0.0,0.075,0.0,0.571,0.018,0.073
18,20,,Tlaxcala,"['expresa lo que siente', 'con mis compa+//3//Q-eros', 'quiere sentirse amado', 'mis esfuerzos dan frutos', 'sea feliz', 'construir un hogar amoroso', 'cumplir+//3//Q- mis metas', 'respete mi trabajo y tiempo', 'que mis padres pelearan ', 'prefiero descansar e intentarlo nuevamente', nan, nan]","['abusaron de mi', 'era muy temerosa', 'la intensidad de mis emociones ', 'me preocupar+//3//Q-a menos de lo que digan sobre m+//3//Q- ']","['es leal', 'superarme', 'merecen sentirse seguras', 'debe ser responsable', 'merecemos paz', 'un adulto que no pudo disfrutar su ni+//3//Q-ez', 'me pueden ense+//3//Q-ar algo nuevo', '+ACI-es cuando no se permiten cuestionar las ideas impuestas por un sistema que hist+//3//Q-ricamente las ha oprimido', nan]","['tienen mucho que ense+//3//Q-ar', 'deber+//3//Q-an ser m+//3//Q-s estrictos', 'una etapa de crecimiento y apoyo mutuo', 'nos queremos mucho', '+ACI-es genuina y leal', '+ACI-querr+//3//Q-a que fuera con quien respete mi cuerpo', ' y mis decisiones+ACI-', 'son muy grandes', 'dan m+//3//Q-s de su 100+ACU-', 'es al lado de mi hermana', 'es completamente m+//3//Q-a', 'espera que yo coordine todo', nan]",0.0,0.539,0.0,0.1,0.0,0.517,0.0,0.1,0.0,0.603,0.0,0.1,0.0,0.593,0.0,0.033
19,21,,Lejos,"['Me dedica atencion ', 'Con mi jefa de area', 'Me habla cuando quiere ', 'Solo estvuera en Puebla', 'Esta bien ', 'Es poder ser multimillonario ', 'Cumplire mis metas ', 'Una buena persona ', 'Me enojo', 'Voy hacer mas cosas', nan, nan]","['Salgo a tomar', 'Solia hacer ejercicio ', 'La comida ', 'Son hermosas ']","['Es el que te escucha ', 'Estabilidad emocional ', 'Saben lo que quieren ', 'Estaria preocupada ', 'Soy virgen ', 'Terminar mis proyectos', 'Fue comer dulces', 'Se muere del la risa ', nan]","['Son mis padres ', 'Son bien volubles ', 'Una monta+//3//Q-a rusa ', 'Avaces nos peliamos ', 'Es segura de si misma ', 'Son estables a su manera', 'Son muy extrictas ', 'Pegarle a mi primo ', 'Trato de dar una soluci+//3//Q-n ', 'Me dejaba esa', 'Procrastinar', nan, nan]",0.0,0.622,0.02,0.1,0.0,0.65,0.0,0.1,0.0,0.571,0.0,0.075,0.0,0.599,0.0,0.073
20,36,,Tlaxcala ,"['Me entiende ', 'Con mi compa+//3//Q-ero ', 'Se preocupo por qu+//3//Q- no faltar+//3//Q- nada en casa ', 'Soy feliz con lo que tengo', 'Cure sus heridas de ni+//3//Q-o y adolescente ', 'Ser +//3//Q-til ala sociedad y apoyar siempre ', 'Ser+//3//Q- empresario ', 'Una persona amorosa', 'Trato de ense+//3//Q-ar si no sabe', 'Me gustar+//3//Q-a estar en la monta+//3//Q-a ', nan, nan]","['Nada de todo se aprende bueno y malo y me a llevado a lo que aoy', 'Me divert+//3//Q- conoc+//3//Q- y madure de una forma muy diferente a los demas', 'Mi familia ', 'Deben sanar sus heridas infantiles y de adolescente ']","['Siempre estar+//3//Q- contigo en las buenas y malas se alegra de tus triunfos y se preocupa cuando no van bien las cosas ', 'Ser mejor cada d+//3//Q-a ', 'Cada una tiene su historia y es comprensible apoyarlas cuando est+//3//Q- a mi alcance', 'Tendr+//3//Q- experiencia inolvidable ', 'Me cuido y trato con responsabilidad ', 'Ser +//3//Q-til ala sociedad ', 'Agarrar mariposas ', 'No le caigo por qu+//3//Q- no soy tolerante', nan]","['Deber+//3//Q-an ense+//3//Q-ar con el ejemplo ', 'No eran como los imagin+//3//Q- pocos te alentaba a ser diferentes ', 'Un poco complicada cada cabeza es un mundo y ve de diferente manera ', 'Ten+//3//Q-as una conecci+//3//Q-n unica', 'Debe ser coherente ', 'Tienen algo que ense+//3//Q-ar', 'Siempre nos ven como sus peque+//3//Q-os ', 'Nada', 'Trato de seguir adelante ', 'Jugaba conmigo', 'Tratar de complacer alos dem+//3//Q-s para encajar me di cuenta y empeze a ser diferente', nan, nan]",0.0,0.598,0.0,0.1,0.0,0.52,0.0,0.1,0.0,0.608,0.0,0.075,0.0,0.579,0.0,0.109
21,37,,Tlaxcala ,"['Sabe lo que hace', 'Con las chicas ', 'Es una persona ', 'Estuviera seguro del amor ', 'Me aconseje ', 'Ser reconocido por mi trabajo', 'Tendr+//3//Q- tiempo para todo lo que quiero ', 'Desobligado', 'Intento no lastimar a otros', 'Tendr+//3//Q- m+//3//Q-s tiempo libre', nan, nan]","['Pas+//3//Q- una verg+//3//Q-enza grande ', 'Me gustaban los dinosaurios', 'Necesito cari+//3//Q-o constante', 'Son personas normales ']","['Es quien te hace ver tus errores ', 'Tranquilidad', 'Me agradan ', 'Se realizar+//3//Q-a', 'Ser+//3//Q-a muy bueno', 'Tranquilidad ', 'Mi primer novia ', 'Me aprecia ', nan]","['Son incompetentes ', 'Siempre me apreciaron', 'Complicada ', 'Nos llevamos bien', 'Es inteligente ', 'Son no tradicionales ', 'Quieren a sus hijos ', 'Que mis padres gastaran en m+//3//Q- ', 'Me frustro', 'No pasaba tiempo conmigo', 'Consumir drogas sin control ', nan, nan]",0.0,0.622,0.02,0.06,0.0,0.616,0.0,0.1,0.0,0.555,0.025,0.1,0.0,0.557,0.0,0.073
22,20,,Tlaxcala,"['Se enoja', 'Con todos', 'Se esfuerza', 'Me superar+//3//Q- ', 'Este m+//3//Q-s ', 'Sobrepasarme', 'Me superar+//3//Q- ', 'Distra+//3//Q-do ', 'Los tomo en cuenta', 'Har+//3//Q- muchas cosas', nan, nan]","['Me equivoqu+//3//Q- ', 'Hac+//3//Q-a m+//3//Q-s cosas', 'El chocolate ', 'Cambian']","['Apoya', 'Mi objetivo', 'Cambian', 'Se superar+//3//Q-a ', 'Disfrutar+//3//Q-a ', 'Conseguirlo', 'Divertirme', 'Apoya', nan]","['Mandan', 'Lo intentan', 'Dif+//3//Q-cil ', 'Somos iguales', 'Se aleja ', 'Son disfuncionales', 'Son cari+//3//Q-osas', 'Actuar mal', 'Me exijo', 'Se apoyaba', 'Dejarme llevar', nan, nan]",0.0,0.637,0.0,0.12,0.0,0.768,0.0,0.1,0.0,0.652,0.025,0.075,0.0,0.625,0.0,0.055
23,21,,Tlaxcala ,"['Se enoja', 'Con todos', 'Me orgullese', 'Viajara', 'Sea feliz', 'Es triunfar ', 'Viajare', 'Trabajador', 'Soy autoridad ', 'Trabajador ', nan, nan]","['Me perd+//3//Q- ', 'Era solitario', 'Sea feliz', 'Son hermosas ']","['Es genial', 'Trabajo ', 'Son hermosas ', 'Setia trabajadora ', 'Estar+//3//Q-a bien ', 'Viajar', 'Es feliz ', 'Es bueno ', nan]","['Me quieren ', 'Son bienos', 'Dif+//3//Q-cil ', 'Somos cercanas', 'Es soncera', 'Son diferentes ', 'Son ordenados ', 'Nada', 'Me siento triste ', 'Es feliz ', 'Nada', nan, nan]",0.0,0.592,0.0,0.12,0.0,0.549,0.0,0.15,0.0,0.541,0.025,0.05,0.0,0.583,0.0,0.036
24,27,,Ciudad de M+//3//Q-xico,"['Habla', 'Con mis compa+//3//Q-eros', 'Existe', 'Fuera a Londres', 'Este bien ', 'Volar', 'Conocer+//3//Q- todo el mundo', 'Amable', 'Soy firme', 'Estar+//3//Q- en otra etapa de mi entendimiento', nan, nan]","['Me perd+//3//Q- en el metro', 'Viv+//3//Q-a en otro estado', 'Ser perfeccionista', 'Son asombrosas']","['Debe ser un excelente ser humano', 'Aprender', 'Son fenomenales', 'Es asombrosa', 'Sin comentarios', 'Aprender m+//3//Q-s sobre la vida', 'Un incendio', 'Es eficiente', nan]","['Son fuente de aprendizaje', 'Son particulares ', 'Particular en cada relaci+//3//Q-n', 'Tomamos caf+//3//Q-', 'Es +//3//Q-tipica', 'Tienen su personalidad', 'Son amorosas ', 'La gesti+//3//Q-n del tiempo', 'Aprendo de ellas', 'Me ense+//3//Q-aba cosas nuevas', 'Procrastinar ', nan, nan]",0.0,0.584,0.0,0.14,0.0,0.603,0.0,0.1,0.0,0.527,0.0,0.1,0.0,0.646,0.0,0.091
25,26,,Tlaxcala ,"['Rie', 'Con todos ', 'Nos ama ', 'Tuviera estabilidad econ+//3//Q-mica', 'Siempre sea feliz ', 'Es ser una persona admirable ', 'Cumplir+//3//Q- mis sue+//3//Q-os ', 'El mejor ', 'A veces soy muy grosera ', ' feliz y sin carencias +ACI-', nan, nan]","['Me ca+//3//Q- ', 'Me gustaba salir ', 'Que le pase algo a mis familiares ', 'Som amables ']","['No existe ', 'Paz  en todos los sentidos ', 'Son amables ', 'Ser+//3//Q-a feliz ', 'Me cuidar+//3//Q-a ', '+ACI-Tener una familia unida', 'Me hablan ', 'Me daba lo que pod+//3//Q-an ', nan]","['Las respeto ', 'Eran chidos ', 'Compromiso y respeto ', 'Somos inseparables ', 'Son personas amables ', 'Son alegres ', 'Son incre+//3//Q-bles ', 'No apoyar a mis pap+//3//Q-s lo suficiente ', 'Trato de ver lo mejor de cada situaci+//3//Q-n ', 'Inactiva ', 'Es enojona ', nan, nan]",0.0,0.479,0.0,0.14,0.0,0.619,0.0,0.15,0.0,0.552,0.0,0.1,0.0,0.504,0.0,0.073
26,67,,Tlaxcala ,"['Me abraza ', 'Con la mayor+//3//Q-a de mis compa+//3//Q-eros ', 'Trato que fuera feliz ', 'Mi familia fuera feliz ', 'Hubiera Sido m+//3//Q-s feliz ', 'Serle +//3//Q-til a mis semejantes ', 'Podr+//3//Q- corresponder a todos los que me han ayudado', 'Excelente ', 'Lo hago con respeto y firmesa', 'Espero poder servirle a mis semejantes ', nan, nan]","['Muri+//3//Q- la madre de mis hijos ', 'Hera m+//3//Q-s impulsivo ', 'Mi familia ', 'Son fuertes ']","['Siempre est+//3//Q- contigo ', 'La felicidad de mi familia ', 'Merecen mi respeto y que tienen que prepararse', 'Tiene y tendr+//3//Q-a en mi un amigo ', 'Ser+//3//Q-a cuidadoso ', 'Ser feliz ', 'El primer cumplea+//3//Q-os que me festejaron ', 'Queda contenta ', nan]","['Se ganan mi respeto ', 'Fueron excelentes ', 'Maravillosa ', 'Nos llevamos bien ', 'Es la alegre', 'No son felices ', 'Son excelentes ', 'Que un menor fuera abusado ', 'Las encaro', 'Me hizo fuerte ', 'No haberle dado m+//3//Q-s a mi familia ', nan, nan]",0.0,0.574,0.0,0.08,0.0,0.587,0.0,0.1,0.0,0.539,0.0,0.075,0.0,0.575,0.0,0.018
27,22,,Estado De M+//3//Q-xico ,"['Me habla ', 'Con mis compa+//3//Q-eros ', 'Existe ', 'Tuviera dinero ', 'Se cure y sea la persona q siempre me platicaron ', 'Ser una persona muy reconocida por el mundo ', 'Ser+//3//Q- feliz ', 'Un buen hombre ', 'Me siento impotente ', 'tendr+//3//Q- un casa ', nan, nan]","['Choque ', 'No me importaba nd', 'Mi familia ', 'Mentirosas ']","['Siempre est+//3//Q- ', 'El +//3//Q-xito ', 'Son mentirosas ', 'Compa+//3//Q-eros ', 'Me cuido ', 'Casarme con el amor de mi vida ', 'No tengo ', 'Es cruel ', nan]","['Jefes ', 'H', 'Dif+//3//Q-cil ', 'Nos queremos ', 'Trabajadora ', 'Unidas ', 'Son buenas ', 'De ser rebelde ', 'Xx', 'Ignoraba ', 'Destruir otra vida ', nan, nan]",0.0,0.562,0.0,0.12,0.0,0.475,0.0,0.2,0.0,0.563,0.0,0.1,0.0,0.606,0.0,0.127
28,22,,Edomex ,"['Dice lo que siente ', 'Con pocas personas ', 'Quiere amor ', 'Las personas que quiero fueran felices ', 'Pueda descansar y estar con nosotros ', 'Ser lo que esperan de mi ', 'Ver+//3//Q- mis sue+//3//Q-os cumplidos ', 'Muy ausente ', 'No soy directa ', 'Quiero vivir la vida ', nan, nan]","['Me lastimaron ', 'Ve+//3//Q-a el mundo de otra manera ', 'No poder concentrarme ', 'Sufren mucho ']","['Te apoya en los momentos dif+//3//Q-ciles ', 'Un futuro para todos lo que me apoyaron ', 'Son infelices ', 'Con resiliencia ', 'Ser+//3//Q-a cuidadosa con todo ', 'Cumplir las metas ', 'Es la separaci+//3//Q-n de mis padres ', 'Dice que soy callada ', nan]","['Suelen ser molestos ', 'Son bien relajados ', 'Un sue+//3//Q-o casi imposible ', 'Nos llevamos bien ', 'Son los que son aut+//3//Q-nticos ', 'Son infelices y con problemas ', 'Son imperfectamente perfectas ', 'Ver cosas que no deb+//3//Q-a ', 'Intento no llorar ', 'Sol+//3//Q-a jugar mucho ', 'No vivirla ', nan, nan]",0.0,0.52,0.0,0.08,0.0,0.718,0.0,0.1,0.0,0.55,0.0,0.075,0.0,0.492,0.0,0.073
29,38,,Washinton estate,"['Me ignora', 'Con migo mismo', 'Quiere lo mejor para cada uno de nosotros', 'Pudiera ayudar a mucha gente', 'Sea feliz', 'Ser millonario', 'Ser+//3//Q- millonario', 'El nunero 1', 'Me siento raro', 'Ser+//3//Q- viejo', nan, nan]","['Sucedi+//3//Q- algo malo', 'Estaba tonto', 'Las malas desiciones', 'Deber+//3//Q-an de enfocarse m+//3//Q-s en ellas ']","['Deber+//3//Q-a de existir', 'La felicidad', 'Son valiosas', 'Ser+//3//Q- escuchada', 'Estar+//3//Q-a de lujo', 'Todo lo anterior', 'No lo puedo contar', 'Me odia', nan]","['No tienen la capacidad de ser lideres', 'Me ense+//3//Q-aron lo basico', 'Un compromiso donde dos personas deciden en estar juntos y crear algo ', 'Somos familia', 'Es aquella que si miedo al que dir+//3//Q-n se arriesgan a hacer lo que quieren', 'Est+//3//Q-n en mexico', 'Dev+//3//Q-n de tomar cursos de maternidad', 'No ser grande y ayudar a mi familia', 'Me frustro', 'Estaba junta', 'Quedarme en estados unidos', nan, nan]",0.0,0.619,0.0,0.12,0.0,0.656,0.0,0.15,0.0,0.566,0.025,0.125,0.0,0.637,0.0,0.091
30,69,,Guatemala,"['Lava dinero', 'con los que chambean', 'duerme cuando est+//3//Q- cansado ', 'saliera Pou 2', 'desee tambi+//3//Q-n ', 'dinero dinero dinero ', 'ser+//3//Q- ', 'mi progenitor ', 'mando ', 'ser+//3//Q- m+//3//Q-s grande ', nan, nan]","['no me acuerdo ', 'ten+//3//Q-a menos a+//3//Q-os ', 'El mole ', 'Beben agua']","['te presta 20000 varos de compas ', 'no compro ', 'me dan miedo ', 'ser+//3//Q-an mis chalanes', 'Qu+//3//Q- rico ', 'mondongo ', 'fue cuando era ni+//3//Q-e', 'chambea ', nan]","['solo es Dios', 'siempre llegan ', 'de dos ', 'somos mam+//3//Q- e hije', 'es la m+//3//Q-s normal ', 'las ubico ', 'son del g+//3//Q-nero femenino ', 'del Pou sucio ', 'no hago nada ', 'era la misma ', 'nada', nan, nan]",0.0,0.629,0.0,0.12,0.0,0.726,0.0,0.1,0.0,0.702,0.0,0.075,0.0,0.644,0.0,0.073
31,17,,Tlaxcala ,"['me manda msjlol', 'con la encargada', 'me da feria y me hace recargas', '+ACI-si tuviera un mclaren', 'pasar mate ', 'la verg+//3//Q-enza en p+//3//Q-blico ', 'ser+//3//Q- gente profesional ', 'de peleas familiares ', 'me pongo a sobrepensae', 'ser millonario ', nan, nan]","['que ', 'que intenta juzgarte solo por tratar de superarte ', 'pueda verme cumpliendo mis sue+//3//Q-os ', 'tratar+//3//Q-a de disfrutar m+//3//Q-s mi infancia ']","['te debe impulsar a superarte d+//3//Q-a a d+//3//Q-a', 'ser+//3//Q-a estricto pero sin abusar', 'sigo siendo joven', 'ser millonario ', 'ns', 'trato de especificar o sino mejor lo hago yo', 'ns', 'era m+//3//Q-s unida ', nan]","['ns', 'ser millonario antes de los 20', 'nd', 'ns', 'a quedarme solo', 'ns', 'que me da de comerlol ', 'son maravillosas ', 'alguien que super+//3//Q- cosas fuertes', 'ns', 'pero a veces tenemos discusiones ', nan, nan]",0.0,0.638,0.0,0.14,0.0,0.655,0.05,0.1,0.0,0.692,0.025,0.075,0.0,0.598,0.0,0.055
32,45,,Estado de M+//3//Q-xico ,"['Demuestra su amor y habla  conmigo ', 'Gracias a mi carisma ', 'Era un hombre el cual sobre sal+//3//Q-a su machismo ', 'Pudiera regresar el tiempo', 'Hubiese con prendido m+//3//Q-s sus errores y corregirlos ', 'Es ser reconocida por todo el mundo ', 'Dejare huella en este mundo ', 'Muy injusto pero creo que en el fondo no fue su culpa si no que as+//3//Q- fue tratado  por su padre ', 'Soy muy mal ordenando ', 'Espero tener una buena calidad de vida', nan, nan]","['Me sent+//3//Q- tan sola y sin un sentido en mi vida ', 'Era m+//3//Q-s estrovertida  ', 'La soledad', 'Son estrovertida pero se limitan por los perjuicios ']","['Como un alfiler en un pajar ', 'Respuestas a muchas cosas que a+//3//Q-n no comprendo ', 'Somos iguales pero pensamos distinto y tomamos decisiones donde nos guiamos por nuestros instintos ', 'Son seres humanos y mesen ser tratados de igual manera', 'Ser+//3//Q-a de una manera m+//3//Q-s aut+//3//Q-ntica ', 'Una vida mejor que la que tuvieron mis padres', 'Es muy triste y con muchas carencias ', 'Es muy inestable ', nan]","['Son muy  perfecionistas ', 'Eran muy exigentes ', 'Es muy complicada  y difisil', 'Fuimos m+//3//Q-s que eso ella era mi  muy importante en vida ', 'Es la que aporta un buen consejo y divertida ', 'Tienen alg+//3//Q-n problema  ', 'Son personas que an sufri+//3//Q- mucho y que no merese sufrir y menos de aquel que es llamado hijo ', 'De no poder ayudar a mi madre en las carencias ', 'Trato de recapitular ', 'Peleaba mucho ', 'El ponerme en los zapatos de la otra persona ', nan, nan]",0.0,0.557,0.0,0.04,0.0,0.623,0.0,0.15,0.0,0.644,0.025,0.025,0.0,0.609,0.0,0.073
33,44,,Apizaco Tlaxcala ,"['Me abrazaba ', 'Con mi ayudante ', 'Me hac+//3//Q-a sonre+//3//Q-r ', 'Mis hijos son felices ', 'Siguiera vivo', 'Es amanecer en una caba+//3//Q-a junto a el mar', 'Viajar+//3//Q- con el amor de mi vida ', nan, nan, nan, nan, nan]","['Perd+//3//Q- a mi seres queridos por q murieron ', 'Era rebelde ', 'Ver llorar a mis seres queridos ', '+ACI-Somos hermosas ']","['Lo es para toda la vida en las buenas y en las malas ', 'Tener lo necesario para poder ver a mis hijos felices ', 'Somos hermosas ', 'Ser+//3//Q-a amable y sonriente como yo ', nan, nan, nan, nan, nan]","['Merecen el mismo respeto que yo ', 'Eran estrictos ', 'Muy bonita ', 'Somos unidas ', 'Es la gente amable y sincera ', nan, nan, nan, nan, nan, nan, nan, nan]",0.0,0.582,0.0,0.114,0.0,0.456,0.0,0.15,0.0,0.356,0.0,0.1,0.0,0.462,0.0,0.08
+ACI-,Ser+//3//Q-a solo con mi pareja ,,Sea sincera ,"['Son amorosas ', 'En pausa ', 'Me gustar+//3//Q-a q fuera mas comprensiva ', nan, nan, nan, nan, nan, nan, nan, nan, nan]","['Es feliz ', nan, nan, nan]","['Las respeto ', nan, nan, nan, nan, nan, nan, nan, nan]","['Poder recorrer la rep+//3//Q-blica ', nan, nan, nan, nan, nan, nan, nan, nan, nan, nan, nan, nan]",0.5,0.5,0.5,0.5,0.5,0.5,0.5,0.5,0.5,0.5,0.5,0.5,0.5,0.5,0.5,0.5
+ACI-,Ser+//3//Q-a solo con mi pareja ,,Sea sincera ,"['Son amorosas ', 'En pausa ', 'Me gustar+//3//Q-a q fuera mas comprensiva ', nan, nan, nan, nan, nan, nan, nan, nan, nan]","['Es feliz ', nan, nan, nan]","['Las respeto ', nan, nan, nan, nan, nan, nan, nan, nan]","['Poder recorrer la rep+//3//Q-blica ', nan, nan, nan, nan, nan, nan, nan, nan, nan, nan, nan, nan]",0.0,0.594,0.0,0.0,0.5,0.5,0.5,0.5,0.5,0.5,0.5,0.5,0.0,0.562,0.0,0.0
+ACI-,Ser+//3//Q-a solo con mi pareja ,,Sea sincera ,"['Son amorosas ', 'En pausa ', 'Me gustar+//3//Q-a q fuera mas comprensiva ', nan, nan, nan, nan, nan, nan, nan, nan, nan]","['Es feliz ', nan, nan, nan]","['Las respeto ', nan, nan, nan, nan, nan, nan, nan, nan]","['Poder recorrer la rep+//3//Q-blica ', nan, nan, nan, nan, nan, nan, nan, nan, nan, nan, nan, nan]",0.0,0.673,0.067,0.067,0.0,0.472,0.0,0.0,0.0,0.454,0.0,0.2,0.0,0.536,0.0,0.2
+ACI-,Ser+//3//Q-a solo con mi pareja ,,Sea sincera ,"['Son amorosas ', 'En pausa ', 'Me gustar+//3//Q-a q fuera mas comprensiva ', nan, nan, nan, nan, nan, nan, nan, nan, nan]","['Es feliz ', nan, nan, nan]","['Las respeto ', nan, nan, nan, nan, nan, nan, nan, nan]","['Poder recorrer la rep+//3//Q-blica ', nan, nan, nan, nan, nan, nan, nan, nan, nan, nan, nan, nan]",0.5,0.5,0.5,0.5,0.5,0.5,0.5,0.5,0.5,0.5,0.5,0.5,0.5,0.5,0.5,0.5
34,20,,Tlaxcala,"['Platica conmigo ', 'Con mis compa+//3//Q-eros ', 'Hace lo que puede ', 'No sobrepensara las cosas tanto ', 'Me diga lo orgulloso que est+//3//Q- de mi ', 'Tener una gran casa y un gran trabajo ', 'No depender+//3//Q- de nadie ', 'Una persona que intenta ser mejor ', 'Me siento imponente ', 'Quiero tener una vida estable ', nan, nan]","['Tuve momentos inc+//3//Q-modos ', 'Pensaba que ser adulto era lo mejor ', 'Mi nobleza ', 'Tienen su toque ']","['Es el que est+//3//Q- en las buenas y en las malas ', 'El +//3//Q-xito en la vida ', 'Tienen su manera de buscar siempre el problema ', 'Debe ser dedicada', 'Me cuidar+//3//Q-a mucho ', 'Poder lograr mis objetivos ', 'Me escriben para saber si estoy bien ', 'Me llevaba a muchos lados ', nan]","['Les tengo respeto ', 'No tienen tanto inter+//3//Q-s en que aprendamos ', 'Algo bonito ', 'Tenemos un lazo muy fuerte ', 'Es la que te escucha y te ayuda a mejorar ', 'Son unidas ', 'Aman mucho a sus hijos ', 'Mentir a los mayores ', 'Le busco lo positivo ', 'Es algo m+//3//Q-gica ', 'Siento que llega a ser explosiva en ocasiones ', nan, nan]",0.0,0.478,0.0,0.1,0.0,0.608,0.0,0.1,0.0,0.6,0.0,0.1,0.0,0.573,0.0,0.055
35,50,,CDMX ,"['Me ignora ', 'Con la mayor+//3//Q-a ', 'Me apoya', 'Si mi familia estuviera siempre unida ', 'Viva mucho', 'Es tener mucho dinero ', 'Tendr+//3//Q- todo lo que deseo ', 'Es una bendici+//3//Q-n ', 'Me siento rara', 'Espero no estar triste ', nan, nan]","['Le falle a mi hermano ', 'Era miedosa', 'Son las sonrisas ', 'Son unas triunfadoras']","['Siempre te apoya', 'Siempre la felicidad ', 'Son fuertes ', 'Ser+//3//Q-a afortunada', 'Ser+//3//Q-a cuidadosa', 'Ser feliz ', 'Fue con mi hermano ', 'Le caigo bien ', nan]","['A veces me hacen enojar ', 'Me ense+//3//Q-an mucho ', 'Hermosa ', 'Somos inseparables ', 'Es muy considerada', 'Son diferentes ', 'Son una bendici+//3//Q-n ', 'Hacer enojar a mi mam+//3//Q- ', 'Tengo ser fuerte ', 'Me cuidaba mucho ', 'No apoyar a mi hermano ', nan, nan]",0.0,0.609,0.0,0.06,0.0,0.604,0.0,0.05,0.0,0.566,0.0,0.1,0.0,0.558,0.0,0.073
36,34,,Estado de mexico,"['No le importo', 'Con todos ', 'Piensa en el y comer ', 'Tuviera mi casa y mi familia otravez completa ', 'Se recupere por qu+//3//Q- es muy feo verlo a si como est+//3//Q- ', 'Tener mi carro propio ', 'Tendr+//3//Q- mucho dinero para no tener m+//3//Q-s presiones ', 'Mi adoraci+//3//Q-n ', 'No grito ', 'Voy a tener dinero y disfrutar a mis hijos ', nan, nan]","['Se acaba mi matrimonio ', 'Ten+//3//Q-a un cuerpo hermoso y no era tan infeliz ', 'Quedarme sola ', 'Somos muy fuertes']","['Siempre est+//3//Q- para ti sin condiciones ', 'Estar empaz y feliz ', 'Somos capaces de salir adelante solas ', 'Esta Agusto ', 'Lo disfrutar+//3//Q-a al m+//3//Q-ximo ', 'Tener mucho dinero ', 'Conocer a mi novio de mentiras ', 'Dura mucho tiempo ', nan]","['Los respecto siempre y cuando tengan la raz+//3//Q-n ', 'Me llamaban de usted jaja', 'Es muy dif+//3//Q-cil e interesante para p+//3//Q-dela sobrellevar ', 'Chocamos porque ella piensa que no soy como ellos', 'Se hace el interesante por qu+//3//Q- se que le gust+//3//Q- ', 'Est+//3//Q-n estables las admiro ', 'Siempre van a cuidar a sus hijos ', 'De hacer enojar a mis papas', 'No me rindo ', 'Siempre estuvo ausente ', 'Mentir ', nan, nan]",0.0,0.55,0.02,0.1,0.0,0.637,0.0,0.05,0.0,0.608,0.0,0.125,0.0,0.582,0.018,0.055
37,20,,Tlaxcala ,"['Ayuda', 'Con todos ', 'Es terco', 'Me encontrar+//3//Q- 10000 pesos en la calle ', 'Le valla bien', 'Viv+//3//Q-r de videojuegos ', 'Ser+//3//Q- rico', 'Bueno ', 'Soy serio ', 'Ser+//3//Q- m+//3//Q-s grande jajdjd', nan, nan]","['Me ca+//3//Q- en moto JAJSK', 'Practicaba besibol', 'La comida dulce ', 'Miente ']","['Nunca te juzga ', 'Chamba ', 'Son iguales a nosotros ', 'Ser+//3//Q- buena ', 'Rico', 'Una buena vida ', 'Jugando b+//3//Q-isbol ', 'Me cae bien', nan]","['Las respeto', 'No llegan ', 'Algo demasiado lindo', 'Somos un buen equipo ', 'Es emp+//3//Q-tica ', 'Son como la m+//3//Q-a ', 'Aman a sus hijos ', 'Tomar 1 peso cuando me mandaban a la tienda kakdks', 'Trato de no entristecer ', 'Estaba unida ', 'Salir con aydee alch JAJAJA', nan, nan]",0.0,0.653,0.0,0.08,0.0,0.627,0.0,0.2,0.0,0.599,0.0,0.125,0.0,0.573,0.0,0.109
38,19,,Narnia,"['Hace caso', 'Est+//3//Q- en una c+//3//Q-rcel en Afganist+//3//Q-n ', 'So+//3//Q-e que estaba sin pantal+//3//Q-n en un partido de f+//3//Q-tbol ', 'Valer verga', 'Vivir', 'Las gorditas de nata', 'Se morir+//3//Q-a despu+//3//Q-s de un a+//3//Q-o', 'Robar un dulce', 'Me hago bolita', 'Morirme', nan, nan]","['Es una carga ', 'Se truena los dedos', 'Se recuper+//3//Q- ', 'Invertir+//3//Q- mi dinero el alguna empresa estadounidense de defensa']","['Que no coma mis papitas cada d+//3//Q-a ', 'Pasar+//3//Q-a a la historia como el mayor genocida uwu', 'Picaba a la gente en el metro owo', 'Matar a un jud+//3//Q-o ', 'Odian a los hombres ', 'Soy insistente ', 'Son felices', ' pura ETS+ACI-', nan]","[' todos muertos +//3//f/9//0-+ACI-', 'Comida', 'Tienen muchos derechos ', 'Imb+//3//Q-ciles', 'Los geis', 'Ser+//3//Q-a el activo ', 'Tenga  m+//3//Q-s de  2 de iq', 'Sobre protegen a sus hijos', 'El mejor ', '+ACI-Es como estudiar en el poli', 'Se estresa ', '+ACI-Responder esta encuesta', nan]",0.0,0.615,0.02,0.12,0.0,0.562,0.0,0.1,0.0,0.539,0.0,0.1,0.0,0.612,0.017,0.1
39,21,,Puebla ,"['Se enoja conmigo ', 'Puedo pensar varias cosas ', 'Es linda y servicial', 'Quiere que tome mejores decisiones ', 'Muy amables y platican mucho', 'Querer dar m+//3//Q-s de lo que soy ', 'Llorar y pensar. ', 'Sea responsable ', 'Ser hija', 'Termino cansada ', nan, nan]","['Con la mayor+//3//Q-a ', 'A las pel+//3//Q-culas de terror ', 'Siempre nos apoyamos y salimos etc', 'Estar con alguien ']","['Te quiere a pesar de todo y dir+//3//Q- la verdad aunque eso duela ', 'Tuviera a mi peque+//3//Q-o ', '+ACI-Se hace ver superior a otras', 'Me abrace mas', 'La gente con una visi+//3//Q-n poco convencional de la vida y que disfrute cada peque+//3//Q-a cosa a su alrededor ', 'Bueno y alguien a quien siempre admirare', 'Papa y mam+//3//Q- ', 'Que crean que pueden hacer lo mismo que un hombre', nan]","['Las respeto ', 'Tratar+//3//Q-a de proporcionar ayuda ', ' ni las personas con poca formalidad +ACI-', 'Linda con la persona correcta ', 'Ser+//3//Q- mam+//3//Q- ', 'Procuraria ser diferente ', 'No me sentir+//3//Q-a c+//3//Q-moda ', 'Son muy unidas ', 'Son sobreprotectoras', 'No lo se', ' triste y divertida +ACI-', 'Es proactiva', nan]",0.0,0.558,0.0,0.08,0.0,0.653,0.0,0.15,0.0,0.603,0.0,0.075,0.0,0.59,0.0,0.133
+ACI-,,,,"[nan, nan, nan, nan, nan, nan, nan, nan, nan, nan, nan, nan]","[nan, nan, nan, nan]","[nan, nan, nan, nan, nan, nan, nan, nan, nan]","[nan, nan, nan, nan, nan, nan, nan, nan, nan, nan, nan, nan, nan]",0.5,0.5,0.5,0.5,0.5,0.5,0.5,0.5,0.5,0.5,0.5,0.5,0.5,0.5,0.5,0.5
+ACI-,,,,"[nan, nan, nan, nan, nan, nan, nan, nan, nan, nan, nan, nan]","[nan, nan, nan, nan]","[nan, nan, nan, nan, nan, nan, nan, nan, nan]","[nan, nan, nan, nan, nan, nan, nan, nan, nan, nan, nan, nan, nan]",0.0,0.594,0.0,0.0,0.5,0.5,0.5,0.5,0.5,0.5,0.5,0.5,0.0,0.562,0.0,0.0
+ACI-,,,,"[nan, nan, nan, nan, nan, nan, nan, nan, nan, nan, nan, nan]","[nan, nan, nan, nan]","[nan, nan, nan, nan, nan, nan, nan, nan, nan]","[nan, nan, nan, nan, nan, nan, nan, nan, nan, nan, nan, nan, nan]",0.0,0.673,0.067,0.067,0.0,0.472,0.0,0.0,0.0,0.454,0.0,0.2,0.0,0.536,0.0,0.2
+ACI-,,,,"[nan, nan, nan, nan, nan, nan, nan, nan, nan, nan, nan, nan]","[nan, nan, nan, nan]","[nan, nan, nan, nan, nan, nan, nan, nan, nan]","[nan, nan, nan, nan, nan, nan, nan, nan, nan, nan, nan, nan, nan]",0.5,0.5,0.5,0.5,0.5,0.5,0.5,0.5,0.5,0.5,0.5,0.5,0.5,0.5,0.5,0.5
40,21,,Tlaxcala,"['Es libre', 'Conmigo ', 'Est+//3//Q-', 'No estudiar+//3//Q- ', 'Mmm me compre algo', 'Es ser espia', 'Ser+//3//Q- mejor', 'Ausente', 'Me gusta', 'Ser+//3//Q- m+//3//Q-s grande ', nan, nan]","['Me romp+//3//Q- un hueso', 'Era m+//3//Q-s libre', 'Chocolate ', 'Son inteligentes']","['Te apoya', 'Dinero ', 'Son bonitas', 'Son felices', 'Mmm no s+//3//Q-', 'Ser independiente', 'hablar con mis amigos', 'Porque soy una persona que cumple ', nan]","['Son chidas', 'Son chistosos', 'Dificil', 'Somos besties', 'Es mamona', 'Son unidas', 'Chidas', 'Mmm comer', 'Yo soy peor', 'Mis amigos ', 'Mentir', nan, nan]",0.0,0.573,0.0,0.1,0.0,0.551,0.0,0.1,0.0,0.6,0.0,0.075,0.0,0.615,0.0,0.091
41,20,,Tlaxcala,"['Me pregunta de mi vida social', 'Con los que hablan mucho', 'Me habla para el trabajo', 'Tuviera un auto mejor', 'Gastar dinero en un juego', 'Las mujeres', 'Intento que se sientan c+//3//Q-modos con mi forma de trabajar', 'Tenga cuidado en la forma que trabajan y sean ordenados', 'Da+//3//Q-ar la familia', '+ACI-Lo intento al final', nan, nan]","['Le habl+//3//Q- al payaso y se burl+//3//Q- de m+//3//Q- ', 'Se cre+//3//Q- superior', 'Me quiera', ' tambi+//3//Q-n la altura es para destacar']","['Nunca te habla pero est+//3//Q- ah+//3//Q- para cualquier cosa', 'Una novia', 'Me gustaba jugar futbol', 'Manejar moto rompiendo muchas leyes', ' aunque visualmente tengo un inter+//3//Q-s alto para las mujeres con rasgos muy marcados+ACI-', 'Alcoholico', 'Quiero dejar de trabajar y ser feliz con mis pasatiempos', 'So+//3//Q-ar sobre la muerte', nan]","['Me dan ganas de alcanzarlos', '+ACI-Me caen chidos', 'Mienten', 'Amables aunque algunas son dif+//3//Q-ciles de tratar', 'Las ara+//3//Q-as y la muerte', 'Trabajar+//3//Q-a desde m+//3//Q-s peque+//3//Q-o', 'ser+//3//Q-a solo si fuera mi novia ', 'Son distintas entre si', 'Quieren a sus hijos de distinta forma', 'No me preguntan nada', 'Es nula', 'Es ordenada', nan]",0.0,0.632,0.0,0.08,0.0,0.602,0.0,0.1,0.0,0.596,0.0,0.125,0.0,0.556,0.017,0.033
42,24,,Puebla ,"['Es cari+//3//Q-oso', 'Con todos ', ' todo es experiencia +ACI-', 'Varias cosas ', 'No se me ocurre en este momento ', 'Soy muy sentimental ', 'Tendr+//3//Q-a quien los escuche', 'No recuerdo ', 'Lloro ', 'Tener paz ', nan, nan]","['+ACI-No olvidar+//3//Q-a ninguna vez', 'Miente ', 'Sea feliz ', 'Recorreria el mismo camino ']","['Esta en los momentos relevantes sin necesidad de hablar todos los d+//3//Q-as ', 'Estar+//3//Q-a tranquila', 'Me sent+//3//Q-a m+//3//Q-s insegura ', 'Tener tiempo libre para disfrutar la vida ', 'Tienen miedon', 'Lo pido por favor ', 'Me respetan ', 'Era compleja ', nan]","['Son lindas ', 'Paz ', 'Son fuertes', 'Amables ', 'Al futuro ', 'Lo disfrutar+//3//Q-a ', 'Sea responsable ', 'Son fuertes ', 'Fuerte ', 'Es satisfactoria ', 'Pensamos diferente ', nan, nan]",0.0,0.55,0.0,0.08,0.0,0.52,0.0,0.1,0.0,0.634,0.025,0.05,0.0,0.638,0.0,0.091
43,31,,Tlaxcala,"['Se despierta tarde.', 'Felices por el parque ', 'Con quien comparto el espacio.', 'Prob+//3//Q- comida podrida ', 'Una persona adulta ', 'Tenemos una buena relaci+//3//Q-n ', 'Siga encontrado la auto+AC0-realizaci+//3//Q-n ', 'Son buenas', 'Siempre dan todo por sus hijos ', 'Un ejemplo a seguir ', nan, nan]","[' no salimos mucho de casa. +ACI-', 'La auto+AC0-realizaci+//3//Q-n ', 'Responsables y dedicados ', 'Espero indicaciones']","['Trato de aprender de ellos. Respetar jerarqu+//3//Q-as. ', 'concentrarme en una tarea que me gusta ', 'Son un ejemplo a seguir', 'No confiar en mi mismo ', 'Hablar en p+//3//Q-blico ', 'Comer tanta sand+//3//Q-a ', 'Espero poder viajar m+//3//Q-s ', 'Andar en bicicleta ', nan]","['+ACI-Interesante', 'Tuviera un poco m+//3//Q-s de dinero para poder hacer experimentos de inteligencia artificial', 'Hablar en p+//3//Q-blico', 'Tratan de dar lo mejor de s+//3//Q-. ', 'Seria adecuada para el puesto delegado ', 'Es inteligente y agradable ', 'Dan lo mejor de s+//3//Q- ', 'Seguir+//3//Q-a un protocolo adecuado ', 'Sea creativa', 'Me mandan reels', 'Inactiva ', 'Hacer un buen trabajo ', nan]",0.0,0.568,0.0,0.08,0.0,0.642,0.0,0.1,0.0,0.623,0.0,0.1,0.0,0.546,0.017,0.117
44,21,,Tlaxcala,"['Se enoja', ' tenemos problemas pero peleamos todos los d+//3//Q-as juntos +ACI-', 'No olvidar+//3//Q-a nada porque esas cosas son las que nos hacen aprender ', 'Profundizar y entender mi entorno ', 'Confiar de m+//3//Q-s en las personas ', 'Mi mayor +//3//Q-rea de oportunidad ', 'Tiene que ser comprometida y apasionada ', 'No poder ayudar a la gente necesitada ', 'Las enfrento sin importar lo que suceda ', 'Tener la conciencia tranquila siempre', nan, nan]","['Es un pilar de mi vida ', 'No busca influir en ti de ninguna forma', 'Pueda encontrar la paz que tanto busca', 'Vivir+//3//Q-a de la misma manera que ahora pero con m+//3//Q-s cuidado ']","['Es aquel que conoce tu peor lado y a+//3//Q-n as+//3//Q- decide quedarse para aconsejarte y ayudarte en lugar de solo irse', 'Har+//3//Q-a que sacaran lo mejor de s+//3//Q- mismos ', 'Confiaba en todo mundo sin saber que no es correcto ', 'Es aportar algo bueno', 'Son mas fuertes y capaces de lo que ellas creen', 'Procuro ser amable', 'Ah+//3//Q- me dejan ', 'Me proteg+//3//Q-a y daba todo', nan]","['Son responsables ', 'Lo que quiero encontrar', 'Son m+//3//Q-s inteligentes que los hombres ', 'Trabajadoras', 'No cumplir con las expectativas de los que m+//3//Q-s quiero ', 'Procurar+//3//Q-a tener mucho cuidado en todos los sentidos ', 'Me complemente ', 'Siempre tienen una percepci+//3//Q-n +//3//Q-nica de sus hijos', 'Un pilar en mi vida', 'No me parece relevante por ahora', 'Se preocupa demasiado ', nan, nan]",0.0,0.567,0.0,0.06,0.0,0.542,0.0,0.0,0.0,0.568,0.0,0.025,0.0,0.521,0.0,0.055
45,20,,Tlaxcala ,"['es malo conmigo', 'me llevo bien con mis compa+//3//Q-eros en la escuela ', 'es lindo', 'si estudiar+//3//Q-a todos los dias', 'tenga mucha salud ', 'ser una persona con estudios y un trabajo estable dando estabilidad econ+//3//Q-mica a mis padres ', 'espero ser alguien con estudios ', 'un hombre muy listo ', 'tengo pena ajaja', 'me gustar+//3//Q-a apoyar econ+//3//Q-micamente en casa', nan, nan]","['me cai', 'me equivoqu+//3//Q- mucho con mis acciones ', 'la flojera', 'son interesantes ']","['es aquel que te desea el bien', 'sobresalir', 'son interesantes ', 'espero apoyarlos y que me apoyen ', 'me gustar+//3//Q-a hacerlo con protecci+//3//Q-n ', 'acabar mi licenciatura ', 'salir a jugar la tierra mientras estaba lloviendo ', 'es amable ', nan]","['me agradan si son m+//3//Q-s listas que yo', 'muy buenos maestros ', 'bonita si hay estabilidad econ+//3//Q-mica y mucho amor', 'somos unidos', 'responsable amable y estudiosa', 'son muy interesantes', 'son maravillosas a su manera', 'pedir mucho cuando no teniamos', 'intento pasarlas con fuerza', 'era muy unida', 'faltar al respeto a mi mami', nan, nan]",0.0,0.618,0.04,0.04,0.0,0.698,0.0,0.15,0.0,0.55,0.025,0.075,0.0,0.527,0.0,0.109
46,30,,Tlaxcala,"['Me dijo palabras de afecto', 'estar atrapado en un mundo l+//3//Q-quido ', 'Es que no existe alguien as+//3//Q-. ', '+ACI-No hace tantas cosas en familia', 'Me gustaban las cosas muy dulces', 'Algo que no me gustar+//3//Q-a experimentar del todo', 'Muy dedicadas a su trabajo ', 'Es la gente que no tiene miedo de lo que digan de ellos.', 'No saben lo importantes que son', '+ACI-Tienen problemas de los que nunca quieren hablar', 'Ha tenido mejores momentos ', 'A veces no sabe controlar su impulsividad ']","['No exist+//3//Q-an tantas oportunidades como las que tenemos hoy. ', 'Aprender cosas que requieren alta memorizaci+//3//Q-n ', 'Son v+//3//Q-ctimas de alg+//3//Q-n tipo de violencia a+//3//Q-n hoy en d+//3//Q-a y es triste.', 'Ver b+//3//Q-ceps bien definidos']","['+ACI-Har+//3//Q-a algunas cosas tediosas m+//3//Q-s f+//3//Q-ciles', 'Con la mayor+//3//Q-a de personas ', 'Hiciera un amigx nuevx', 'Si fuera un alien+//3//Q-gena ', 'Hacer amistad con much+//3//Q-simas personas', 'Me gustar+//3//Q-a que fuese creativo', 'Pedir cosas a mis padres', 'Tener un balance laboral y social ', nan]","[' animales y naturaleza', 'Es una persona muy ego+//3//Q-sta ', 'Ninguno sabr+//3//Q-a qu+//3//Q- hacer ', 'Ahogarme', 'Olvidar lo ef+//3//Q-mero de nuestra existencia ', 'Nunca sabr+//3//Q- que soy su jefe', 'Me aterra un poco su estatura ', 'Hablar con la gente nueva', 'Tratar+//3//Q-a de evitar que el miedo me paralice ', 'A veces me pas+//3//Q- de flexibilidad ', 'A veces piden incoherencias ', 'Me buscan', 'No me hac+//3//Q-a sentirme c+//3//Q-modo ']",0.0,0.599,0.017,0.05,0.0,0.564,0.0,0.05,0.0,0.615,0.025,0.125,0.0,0.609,0.0,0.077
47,20,,Tlaxcala ,"['Me busca ', 'No es funcional junta pero separada lo hemos sobrellevado mejor', 'Me regalaron mi mu+//3//Q-eca con vestido azul', 'Escuchar a las personas ', 'Nunca dar a conocer mi versi+//3//Q-n y aguantar que me juzgar+//3//Q-n ', 'Mi relaci+//3//Q-n con mi pap+//3//Q- ', 'Quisiera que me vieran como autoridad pero tambi+//3//Q-n como una amiga', 'Hablar sobre las infidelidades de mi pap+//3//Q- ', 'Trato de sobrellevarlo', 'Paz mental ', nan, nan]","['Dar+//3//Q-a su vida por m+//3//Q- pero se que si ella no est+//3//Q- no se que sabr+//3//Q-a que hacer ni como seguir', 'L+//3//Q-stima a las dem+//3//Q-s intencionalmente ', 'Me pida perd+//3//Q-n ', 'Me gustar+//3//Q-a cambiar solo el aspecto en como nos trataba mi pap+//3//Q- ']","['Quedarme sin nadie', 'Me gustar+//3//Q-a que se sientan bien en el entorno que se encuentran', 'So+//3//Q-aba con una casita en el campo ', 'Ser buena en todo lo que hago ', 'Deber+//3//Q-a de darse m+//3//Q-s valor y amar un poco menos para no sufrir tanto ', 'Trato de ser como un lider', 'Me buscan ', 'No funcionaba', nan]","['Incierto', 'Paz mental y dejar de tener resentimiento por algunas personas ', 'Hemos sufrido por un hombre solo por enamorarnos', 'Maleducadas', 'Arriesgarme', 'Me gustar+//3//Q-a que todo sea consensuado ', 'Tranquila ', 'Se preocupa por los hijos m+//3//Q-s de lo que deber+//3//Q-an', 'Alguien que solo da+//3//Q-a a las personas de su alrededor ', 'La disfruto ', 'A veces se preocupa demasiado ', nan, nan]",0.0,0.655,0.0,0.1,0.0,0.622,0.05,0.05,0.0,0.549,0.0,0.1,0.0,0.613,0.0,0.091
48,16,,M+//3//Q-xico ,"['Descansa ', 'Con todos los compa+//3//Q-eros ', 'Es trabajador', 'Conociera a Messi ', 'Cumpla sus metas y termine su casa', 'El dinero ', 'Ser+//3//Q- rico', 'Un buen hombre ', 'Soy enojon', 'Comprare mi casa', nan, nan]","['Cumpl+//3//Q- 8 a+//3//Q-os', 'Era muy respondon', 'El chocolate ', 'Son trabajadoras ']","['Es alguien que est+//3//Q- en las malas y apoy+//3//Q-ndote ', 'Ser alguien mejor', 'Son trabajadoras', 'Ser+//3//Q-a mi compa+//3//Q-ero', 'Me cuidar+//3//Q-a ', 'Mi moto', 'Es ir al parque ', 'Es respetuosa ', nan]","['Mi pap+//3//Q- y mi mam+//3//Q- ', 'Son estrictos', 'Un poco aburrida ', 'Somos muy parecidos en la actitud ', 'Es la que hace muchos chistes ', 'Son unidad', 'Son fant+//3//Q-sticas porque hacen muchas cosas', 'Perder mi gorrito', 'Trato de ver lo positivo ', 'Me consentia mucho', 'Gritarle a mis pap+//3//Q-s ', nan, nan]",0.0,0.565,0.0,0.12,0.0,0.674,0.0,0.15,0.0,0.654,0.0,0.075,0.0,0.623,0.0,0.073
49,20,,Tlaxcala ,"['Me abraza ', 'Con los que saben trabajar', 'Baila', 'Tuviera paz', 'Me note ', 'Escribir un libro ', 'Ser+//3//Q- feliz ', 'Orgulloso', 'Lloro', 'Tendr+//3//Q- paz ', nan, nan]","['Me tocaron', 'Quer+//3//Q-a ser periodista', 'No hay ', 'Son listas ']","['Siempre me elige ', 'Paz', 'Son eficientes ', 'Son eficientes', 'Lo disfrutar+//3//Q-a ', 'Ser segura ', 'Cuando hice un campamento ', 'Me estresa ', nan]","['Las idolatro ', 'Me ignoran', 'Linda', 'Somos unidas', 'Es muy lista', 'Son ca+//3//Q-ticas ', 'Son extraordinarias ', 'Permitir que me lastimen ', 'Lloro', 'Me olvidaba ', ' me hiere+ACI-', nan, nan]",0.0,0.632,0.0,0.12,0.0,0.675,0.0,0.1,0.0,0.631,0.0,0.05,0.0,0.644,0.0,0.073
50,20,,Tlaxcala ,"['Se disculpa por sus errores ', 'No trabajo xd', 'Se esfuerza por cuidarnos ', 'Tuviera m+//3//Q-s dinero +//3//f/9//0-', 'Abra los ojos', 'Es vivir de lo que me gusta ', 'Dejar+//3//Q- de preocuparme tanto ', 'Una gran persona que le cuesta reconocer sus errores ', 'Temo tratar mal a los dem+//3//Q-s ', 'Podr+//3//Q- comprar m+//3//Q-s cosas', nan, nan]","['Ignoraron mis sentimientos ', 'Era m+//3//Q-s inseguro ', 'Mi coraz+//3//Q-n ', 'Pueden ser dif+//3//Q-ciles de comprender ']","['Te escucha sin juzgarte', 'Trabajo ', 'Son capaces de cualquier cosa ', 'Ser+//3//Q- tratada con respeto ', 'Me cuidar+//3//Q-a ', 'Alguien con qui+//3//Q-n hablar ', 'Perderme ', 'Colabora', nan]","['Me tratan con respeto ', 'Son buenos', 'Un trato entre dos personas que se aman', 'Nos llevamos bien', 'Es respetuosa y amable', 'Tienen demasiados problemas ', 'Son buenas ', 'Los problemas en mi familia ', 'Me esfuerzo por superarlas', 'Discut+//3//Q-a seguido ', 'Mentirle a mis padres', nan, nan]",0.0,0.6,0.0,0.02,0.0,0.589,0.0,0.15,0.0,0.596,0.0,0.125,0.0,0.576,0.0,0.055
